source	on_rc	off_rc	ast_changes	air_changes	on_diags	off_diags
experiments/test_explicit_ub.pie	1	1	True	True	13	6
experiments/test_irdl_trs.pie	1	1	True	True	12	1
experiments/test_msp_cmtt.pie	1	1	True	True	23	14
experiments/test_scoped_effects.pie	2	1	True	True	70	38
experiments/test_semantic_subtyping.pie	1	1	True	False	12	1
tests/pfront/100_records_semantics.pie	0	0	False	False	0	0
tests/pfront/101_records_wide.pie	0	0	False	False	0	0
tests/pfront/102_semantic_types.pie	1	1	True	True	19	15
tests/pfront/107_uninhabited_let.pie	1	1	True	True	12	8
tests/pfront/35_egraph_rewrite.pie	1	1	True	True	3	1
tests/pfront/79_trs_scoped.pie	1	1	True	True	3	1
tests/pfront/80_trs_guards.pie	0	0	True	True	1	0
tests/pfront/81_trs_confluence.pie	1	1	True	True	17	4
tests/pfront/82_symexe_paths.pie	1	1	True	True	12	1
tests/pfront/83_nbe_normalise.pie	1	1	True	True	15	1
tests/pfront/84_eclass_analysis.pie	1	0	True	True	6	0
tests/pfront/85_ub_poison.pie	1	1	True	True	12	2
tests/pfront/86_sct_termination.pie	1	0	True	False	29	0
tests/pfront/87_ownership.pie	1	1	True	False	33	21
tests/pfront/88_handlers.pie	1	1	True	False	30	16
tests/pfront/89_closures.pie	1	1	True	True	22	4
tests/pfront/90_cps.pie	1	1	True	True	12	1
tests/pfront/91_matching.pie	1	0	True	False	8	0
tests/pfront/92_quals.pie	1	1	True	False	12	3
tests/pfront/93_commute.pie	1	1	True	False	14	1
tests/pfront/94_strata.pie	2	0	False	False	8	0
tests/pfront/95_mu.pie	1	1	False	False	9	4
tests/pfront/96_session.pie	1	1	True	False	24	20
tests/pfront/97_hered.pie	1	1	True	True	28	4
tests/pfront/98_dataflow.pie	0	0	True	False	3	0
tests/pfront/99_ssa_cfg.pie	0	0	True	False	2	0
