path	namespace	class	does	consumer	limits	source
pfront/theory/analysis/theory_absint.c3	theory_absint	A	Interval/sign/null abstract interpretation, widening and bounds diagnostics.	NF_BOUNDS_PROVEN is written but not read by AIR/PEAR. No bounds-elision or LLVM range-attribute consumer.	Analysis works; the backend-effect comment overstates integration.	https://github.com/Consumed-by-Pride/Pridec/blob/7e25543b94582caab76e77af91f7673690a10b51/pfront/theory/analysis/theory_absint.c3
pfront/theory/analysis/theory_bridge.c3	theory_bridge	S/A	Feature census and convention audit over the AST.	Reporting/convention diagnostics; feature presence does not actually gate all pipeline allocations/walks.	Not a compiler or backend for the advertised constructs.	https://github.com/Consumed-by-Pride/Pridec/blob/7e25543b94582caab76e77af91f7673690a10b51/pfront/theory/analysis/theory_bridge.c3
pfront/theory/analysis/theory_symexe.c3	theory_symexe	A	Bounded symbolic path simulation and contradiction diagnostics.	Reports/warnings; no production LLVM symbolic execution, proof-guided rewrite or emitted path constraints.	Bounded syntactic model, not an SMT-backed universal verifier.	https://github.com/Consumed-by-Pride/Pridec/blob/7e25543b94582caab76e77af91f7673690a10b51/pfront/theory/analysis/theory_symexe.c3
pfront/theory/analysis/theory_verify.c3	theory_verify	A	Structural tree checks and before/after aggregate snapshots.	Can reject malformed transformed trees with E3270; snapshot reports counts.	Eight structural invariants do not establish semantics/effect/type-metadata preservation; one snapshot pair does not identify a particular pass.	https://github.com/Consumed-by-Pride/Pridec/blob/7e25543b94582caab76e77af91f7673690a10b51/pfront/theory/analysis/theory_verify.c3
pfront/theory/effects/theory_cps.c3	theory_cps	A/F(aux)	Builds/contracts a separate CPS term representation and identifies tail calls.	CPS dump and tail diagnostics; NF_TAIL feeds auxiliary continuation analysis, not LLVM tail-call lowering.	The native emitter does not consume this CPS IR.	https://github.com/Consumed-by-Pride/Pridec/blob/7e25543b94582caab76e77af91f7673690a10b51/pfront/theory/effects/theory_cps.c3
pfront/theory/effects/theory_effcont.c3	theory_effcont	A	Tracks handlers, performed operations, resume positions and continuation leaks.	Diagnostics and NF_TAIL on arms.	No runtime prompt/capture/resume machinery is generated from its representation.	https://github.com/Consumed-by-Pride/Pridec/blob/7e25543b94582caab76e77af91f7673690a10b51/pfront/theory/effects/theory_effcont.c3
pfront/theory/effects/theory_effects.c3	theory_effects	A	Handler coverage, effect rows, row discharge and generic-instantiation census.	Checks/reports; contributes theory-only models.	The Monomorphiser census is not body specialization or a runtime handler implementation.	https://github.com/Consumed-by-Pride/Pridec/blob/7e25543b94582caab76e77af91f7673690a10b51/pfront/theory/effects/theory_effects.c3
pfront/theory/effects/theory_linearity.c3	theory_linearity	A	Ownership/use/move and borrowing-oriented AST/path checks.	Source diagnostics, not automatic allocation/free or general linear-runtime enforcement.	Heuristic/budgeted analysis; do not equate its checks with a borrow-checker proof for all programs.	https://github.com/Consumed-by-Pride/Pridec/blob/7e25543b94582caab76e77af91f7673690a10b51/pfront/theory/effects/theory_linearity.c3
pfront/theory/effects/theory_ub.c3	theory_ub	A	Poison/UB/frozen/taint-oriented source analysis.	Diagnostics/census; native freeze/safety semantics do not follow from the counters.	Separate from PEAR trap lowering and LLVM poison semantics.	https://github.com/Consumed-by-Pride/Pridec/blob/7e25543b94582caab76e77af91f7673690a10b51/pfront/theory/effects/theory_ub.c3
pfront/theory/lower/theory_dataflow.c3	theory_dataflow	A	Real module CFG plus reaching defs, available expressions, very-busy expressions and live-variable solvers.	Internal fact tables, certificates and report only.	No AIR/PEAR input or optimizer consumer of DfBundle results found. The algorithms are not merely fake counters, but their solved facts are disconnected.	https://github.com/Consumed-by-Pride/Pridec/blob/7e25543b94582caab76e77af91f7673690a10b51/pfront/theory/lower/theory_dataflow.c3
pfront/theory/lower/theory_defun.c3	theory_defun	A/F(aux)	Closure free-variable/escape analysis and capture hazards.	NF_ADDR_TAKEN affects later NbE/CRDT; NF_NOESCAPE has no operational reader outside its writers/dump.	No emitted closure tags, dispatch or mutable-capture boxing. Backend-consumer comments are too broad.	https://github.com/Consumed-by-Pride/Pridec/blob/7e25543b94582caab76e77af91f7673690a10b51/pfront/theory/lower/theory_defun.c3
pfront/theory/lower/theory_irdl.c3	theory_irdl	A/D	Registers opcode names and rejects unknown names; also implements a lowering-table algorithm and PGL matrix builder.	Validation is live. add_lowering has no call site; all registered op.rule_count stay zero, making lower_tree a production no-op.	Arity remains unknown too: opcode registration sets arity_known=false and only the unused add_lowering can set it. A registry is not a working MLIR-style lowering pipeline.	https://github.com/Consumed-by-Pride/Pridec/blob/7e25543b94582caab76e77af91f7673690a10b51/pfront/theory/lower/theory_irdl.c3
pfront/theory/lower/theory_irdlssa.c3	theory_irdlssa	A	IRDL constraint-variable operations and union-find verification model.	Auxiliary dialect constraint reports.	Neither this SSA-like constraint graph nor a full IRDL type schema becomes native compiler IR.	https://github.com/Consumed-by-Pride/Pridec/blob/7e25543b94582caab76e77af91f7673690a10b51/pfront/theory/lower/theory_irdlssa.c3
pfront/theory/lower/theory_irdlverify.c3	theory_irdlverify	A	Checks declared dialect traits against source AST structures.	Diagnostics, some strict-mode enforcement.	Trait verification is not opcode implementation or backend instruction selection.	https://github.com/Consumed-by-Pride/Pridec/blob/7e25543b94582caab76e77af91f7673690a10b51/pfront/theory/lower/theory_irdlverify.c3
pfront/theory/lower/theory_live.c3	theory_live	F(aux)/A	Builds a per-function CFG and solves liveness/nonlocal classifications.	theory_opt reads its vars table for a conservative dead-local check.	Not the LLVM SSA representation; retained state/dump is last-function oriented, and the consumer uses uses/address/nonlocal conditions rather than a general interprocedural analysis.	https://github.com/Consumed-by-Pride/Pridec/blob/7e25543b94582caab76e77af91f7673690a10b51/pfront/theory/lower/theory_live.c3
pfront/theory/lower/theory_matching.c3	theory_matching	A/F	Builds an auxiliary decision DAG and identifies a validated dense scalar dispatch subset.	In PR: NF_DENSE_SWITCH reaches AIR and actual LLVM switch creation; raw-IR probe has 3 switches on versus 0 off.	Current dev has no such backend wiring. Full decision DAG is not consumed by PEAR; enum payload/guard/general matching remain partial.	https://github.com/Consumed-by-Pride/Pridec/blob/7e25543b94582caab76e77af91f7673690a10b51/pfront/theory/lower/theory_matching.c3
pfront/theory/lower/theory_pglcert.c3	theory_pglcert	A/F(limited)	Checks pattern reachability/exhaustiveness and counterexamples; writes NF_EXHAUSTIVE.	Diagnostics; flow code reads NF_EXHAUSTIVE but runs before this theory write.	Do not treat that earlier flow reader as evidence the later theory flag is consumed in this run. Full pattern certificates do not implement runtime destructuring.	https://github.com/Consumed-by-Pride/Pridec/blob/7e25543b94582caab76e77af91f7673690a10b51/pfront/theory/lower/theory_pglcert.c3
pfront/theory/lower/theory_ssa.c3	theory_ssa	A	Real CFG, dominance/frontier and SSA/phi construction in its own graph.	Dump/report only.	No AIR/PEAR consumer. Native SSA largely comes from LLVM over separately emitted allocas, not this graph.	https://github.com/Consumed-by-Pride/Pridec/blob/7e25543b94582caab76e77af91f7673690a10b51/pfront/theory/lower/theory_ssa.c3
pfront/theory/meta/theory_cmtt.c3	theory_cmtt	A	Contextual modal/staging judgments and quote/context consistency.	Source checks/reports.	Not a full elaborating dependent/contextual type system or native code quotation runtime.	https://github.com/Consumed-by-Pride/Pridec/blob/7e25543b94582caab76e77af91f7673690a10b51/pfront/theory/meta/theory_cmtt.c3
pfront/theory/meta/theory_cmtt_meta.c3	theory_cmtt_meta	D/S	Provides context/substitution storage APIs; production scan only recursively walks children and absorb copies hereditary counters.	Report via HeredState metadata/counters.	Source explicitly states it does not solve meta-variables or run contextual occurs-checks; those counts remain zero.	https://github.com/Consumed-by-Pride/Pridec/blob/7e25543b94582caab76e77af91f7673690a10b51/pfront/theory/meta/theory_cmtt_meta.c3
pfront/theory/meta/theory_hered.c3	theory_hered	A	Translates source to auxiliary typed terms, normalizes by hereditary substitution and issues judgments/notes.	Feeds MetaCtx and diagnostics.	Normalized units are not reified onto the production AST for native compilation. Do not confuse this with the separate mutating theory_nbe.	https://github.com/Consumed-by-Pride/Pridec/blob/7e25543b94582caab76e77af91f7673690a10b51/pfront/theory/meta/theory_hered.c3
pfront/theory/meta/theory_modal.c3	theory_modal	A/S	Scoped-effect registry, normalized continuation-tree model, UB tracker and structural subtype cache.	Bidi/checks use the cache; continuation tree is retained/reported.	No continuation-tree consumer in AIR/PEAR or generated HOSE runtime. Models can run without implementing native effects.	https://github.com/Consumed-by-Pride/Pridec/blob/7e25543b94582caab76e77af91f7673690a10b51/pfront/theory/meta/theory_modal.c3
pfront/theory/meta/theory_msp.c3	theory_msp	A/M	Checks quote/splice stage levels, variable escapes and quote interning.	Real hard errors E3201/E3202, plus stage metadata.	Checks stage soundness; does not by itself execute code generators or emit quoted code at runtime.	https://github.com/Consumed-by-Pride/Pridec/blob/7e25543b94582caab76e77af91f7673690a10b51/pfront/theory/meta/theory_msp.c3
pfront/theory/meta/theory_nbe.c3	theory_nbe	T	Mutates source AST for a restricted lambda fragment: beta/delta/eta, immutable values, evaluation-order guards and capture avoidance.	Returned/updated AST reaches AIR.	Real runtime enabler: simple and higher-order lambda probes return 42 on, segfault off. Bounded subset, not all higher-order functions/escaping closures.	https://github.com/Consumed-by-Pride/Pridec/blob/7e25543b94582caab76e77af91f7673690a10b51/pfront/theory/meta/theory_nbe.c3
pfront/theory/meta/theory_poly.c3	theory_poly	A/M(limited)	Unifies generic signatures, solves substitutions and makes monomorphic signatures.	Only fallback write is call.type_slot when the primary inferencer left it null.	No specialized source bodies or emitted monomorphized LLVM functions. Mostly signatures/checks/reports, not full code specialization.	https://github.com/Consumed-by-Pride/Pridec/blob/7e25543b94582caab76e77af91f7673690a10b51/pfront/theory/meta/theory_poly.c3
pfront/theory/meta/theory_quals.c3	theory_quals	A/F; UNSOUND GAP	Approximates function side effects and parameter write/escape sets.	CRDT consumes NF_PURE_FN; PR maps it to memory(read) and maps NF_READONLY_PARAM to captures(none).	The consumer is real, but producer escape analysis misses assignment-RHS storage, demonstrated by address bits stored under captures(none). Heap reads are called mathematically pure in diagnostics; noalias/read-only advice also overreaches.	https://github.com/Consumed-by-Pride/Pridec/blob/7e25543b94582caab76e77af91f7673690a10b51/pfront/theory/meta/theory_quals.c3
pfront/theory/meta/theory_stage.c3	theory_stage	T	Partial evaluation/residualization, forced comptime evaluation and bounded static-loop unrolling.	Production AST replacement.	Comptime probe returns 42 on versus 0 off. Scalar evaluator and supported constructs are bounded; metadata transfer is not covered by the clone/egraph selftest.	https://github.com/Consumed-by-Pride/Pridec/blob/7e25543b94582caab76e77af91f7673690a10b51/pfront/theory/meta/theory_stage.c3
pfront/theory/meta/theory_term.c3	theory_term	S/T utility	Structural equality/hash-consing, clone and pattern substitution helpers.	Used by rewriting/other theory models; cloned nodes reach production transforms.	Hash-consing alone is not optimization. Metadata preservation differs between clone and other fresh-node/substitution paths.	https://github.com/Consumed-by-Pride/Pridec/blob/7e25543b94582caab76e77af91f7673690a10b51/pfront/theory/meta/theory_term.c3
pfront/theory/rewrite/theory_crdt.c3	theory_crdt	A; dormant facts	Effect footprints, commutativity, independence and reduction classification.	Uses qualifier facts; writes NF_INDEPENDENT/NF_REDUCTION.	No operational readers for those output flags; no statement scheduling, parallelization or reduction-code generation.	https://github.com/Consumed-by-Pride/Pridec/blob/7e25543b94582caab76e77af91f7673690a10b51/pfront/theory/rewrite/theory_crdt.c3
pfront/theory/rewrite/theory_eclass.c3	theory_eclass	S/T at sites	E-class constant/lattice analysis attached to equality saturation.	Can inject/evaluate constants within the saturator at explicit rewrite sites.	Not a general runtime abstract interpreter or arbitrary-source optimization pass.	https://github.com/Consumed-by-Pride/Pridec/blob/7e25543b94582caab76e77af91f7673690a10b51/pfront/theory/rewrite/theory_eclass.c3
pfront/theory/rewrite/theory_egraph.c3	theory_egraph	T at sites	Equality saturation and cost extraction with source metadata preservation.	Used by RwSites for explicit fixpoint rewrites, then replaces the AST subject.	Not globally applied to all arithmetic; axioms are supplied rules, not a proof that each rule preserves arbitrary effects or language semantics.	https://github.com/Consumed-by-Pride/Pridec/blob/7e25543b94582caab76e77af91f7673690a10b51/pfront/theory/rewrite/theory_egraph.c3
pfront/theory/rewrite/theory_opt.c3	theory_opt	T/F(aux)	AST constant/algebra/branch folding, DCE/copy propagation and block flattening.	Mutated AST reaches AIR; limited liveness consumer.	CSE is a census plus NF_USED mark, not expression substitution. Much simple optimization overlaps primary constfold/SCCP and LLVM. Calls are conservatively not considered pure here.	https://github.com/Consumed-by-Pride/Pridec/blob/7e25543b94582caab76e77af91f7673690a10b51/pfront/theory/rewrite/theory_opt.c3
pfront/theory/rewrite/theory_rwsite.c3	theory_rwsite	T	Evaluates scoped rewrite values/composition and replaces explicit pipeline/fixpoint sites.	Actual source AST replacement with TRS/egraph results.	Corrected explicit rewrite probe changes native result to 42. Rules do not apply everywhere just because they were declared.	https://github.com/Consumed-by-Pride/Pridec/blob/7e25543b94582caab76e77af91f7673690a10b51/pfront/theory/rewrite/theory_rwsite.c3
pfront/theory/rewrite/theory_trs.c3	theory_trs	T/S	Pattern/guard substitution, ordered rewriting and fuel-bounded fixpoint evaluation.	RwSites invokes it on the requested subject.	Supported patterns/guards and finite fuel; termination/confluence are separate analyses, not a universal semantic-preservation proof.	https://github.com/Consumed-by-Pride/Pridec/blob/7e25543b94582caab76e77af91f7673690a10b51/pfront/theory/rewrite/theory_trs.c3
pfront/theory/rewrite/theory_trs_proof.c3	theory_trs	A/S	LPO termination/critical-pair/confluence analysis of a rule set.	RwSites invokes RuleSet.analyse; same C3 namespace as theory_trs.	Real proof-model work on used rule sets; conclusions are bounded/syntax-specific, not validation of arbitrary optimization equations.	https://github.com/Consumed-by-Pride/Pridec/blob/7e25543b94582caab76e77af91f7673690a10b51/pfront/theory/rewrite/theory_trs_proof.c3
pfront/theory/theory_check.c3	theory_check	S/T/A	Allocates, initializes and sequences theory passes and a gradual-sort checker.	Root AST is returned to driver; checks can change acceptance, transforms/facts reach later stages.	Runs only entry AST and under the driver verify guard. Pass count counts invocations, not useful work or proven program properties. CPU clock is labeled wall timing.	https://github.com/Consumed-by-Pride/Pridec/blob/7e25543b94582caab76e77af91f7673690a10b51/pfront/theory/theory_check.c3
pfront/theory/types/theory_bidi.c3	theory_bidi	A	Bidirectional modal-type synthesis/checking over a separate type store.	Diagnostics, strict settings, type-model reports.	Not the production TypeTable checker or a replacement for its universal typing/ABI rules.	https://github.com/Consumed-by-Pride/Pridec/blob/7e25543b94582caab76e77af91f7673690a10b51/pfront/theory/types/theory_bidi.c3
pfront/theory/types/theory_mu.c3	theory_mu	A/S	Recursive-type translation, contractivity/inhabitation/coinductive shape checks.	Uses shared theoretical TypeStore and emits diagnostics.	No recursive-layout/native-type codegen from MuState. Separate from primary type mapping.	https://github.com/Consumed-by-Pride/Pridec/blob/7e25543b94582caab76e77af91f7673690a10b51/pfront/theory/types/theory_mu.c3
pfront/theory/types/theory_records.c3	theory_records	A/S	Typed record rows, width/depth/formula relations and TypeStore materialization.	Internal relation/formula checks and large built-in semantic-law audit.	No backend record-layout consumer; 70+ field analysis succeeding does not fix PEAR 16-field runtime limitations. Built-in laws run even with zero source structs.	https://github.com/Consumed-by-Pride/Pridec/blob/7e25543b94582caab76e77af91f7673690a10b51/pfront/theory/types/theory_records.c3
pfront/theory/types/theory_rowinfer.c3	theory_rowinfer	A	Principal-row/effect constraints and inference in a separate model.	Checks/reports.	No native handler specialization or universal compiler effect enforcement from those rows.	https://github.com/Consumed-by-Pride/Pridec/blob/7e25543b94582caab76e77af91f7673690a10b51/pfront/theory/types/theory_rowinfer.c3
pfront/theory/types/theory_sct.c3	theory_sct	A	Size-change matrices/closure and termination classification with budgets.	Notes/warnings; no LLVM willreturn/mustprogress consumer from SCT.	Cannot promote its reported termination proof to a native attribute without a specified supported fragment and soundness checks.	https://github.com/Consumed-by-Pride/Pridec/blob/7e25543b94582caab76e77af91f7673690a10b51/pfront/theory/types/theory_sct.c3
pfront/theory/types/theory_session.c3	theory_session	A	Session-store/coinductive duality plus source-name/operation matching and endpoint-use checks.	Diagnostics/reporting for recognized channel APIs.	No session/channel runtime codegen or universal deadlock-freedom guarantee for the compiled program.	https://github.com/Consumed-by-Pride/Pridec/blob/7e25543b94582caab76e77af91f7673690a10b51/pfront/theory/types/theory_session.c3
pfront/theory/types/theory_setops.c3	theory_setops	S	TypeStore, primitive/Boolean constructors, owned record entries and algebra operations.	Shared by mu/record/subtype theory models and engine.	A type-model store, not LLVM types or runtime value representation; bounded capacities.	https://github.com/Consumed-by-Pride/Pridec/blob/7e25543b94582caab76e77af91f7673690a10b51/pfront/theory/types/theory_setops.c3
pfront/theory/types/theory_stratified.c3	theory_stratified	A; dormant flag	Type-dependency SCC/alias-cycle/guardedness/regularity checks.	Alias cycles really reject with E4240; NF_RECURSIVE_TY only analysis/dump.	The flag does not drive recursive native layout; nominal/type-policy coverage is limited.	https://github.com/Consumed-by-Pride/Pridec/blob/7e25543b94582caab76e77af91f7673690a10b51/pfront/theory/types/theory_stratified.c3
pfront/theory/types/theory_subtype.c3	theory_subtype	A	Bounded DNF/semantic subtype model and production match/alias/binding advice bridge.	In PR attaches the real engine to supported set-algebra emptiness checks; W3291/W3292 are lint-only.	Not the universal primary subtype rule. Syntactic has_set_operator filter skips direct named-alias bindings even when the alias itself is proven empty.	https://github.com/Consumed-by-Pride/Pridec/blob/7e25543b94582caab76e77af91f7673690a10b51/pfront/theory/types/theory_subtype.c3
pfront/theory/types/theory_subtype_engine.c3	theory_subtype_engine	S/A, live narrow bridge	Three-valued, budgeted structural/set-theoretic subtype/emptiness procedure.	47-case standalone selftest; PR MatchRefiner queries for narrow emptiness advice.	Current dev only standalone selftest path, not the new production bridge. A passing selftest is not a program-wide type-safety proof.	https://github.com/Consumed-by-Pride/Pridec/blob/7e25543b94582caab76e77af91f7673690a10b51/pfront/theory/types/theory_subtype_engine.c3
pfront/theory/types/theory_subtype_full.c3	theory_subtype_full	S/A	A separate recursive semantic-type/emptiness engine plus extensive law audits.	Record model uses it for relation checks and built-in audit examples.	Distinct semantics/stores from the primary checker and 47-case engine; not a universal native compiler checker.	https://github.com/Consumed-by-Pride/Pridec/blob/7e25543b94582caab76e77af91f7673690a10b51/pfront/theory/types/theory_subtype_full.c3
